{
  "id": "1634778",
  "name": "美团！",
  "font_family": "iconfont",
  "css_prefix_text": "icon-",
  "description": "",
  "glyphs": [
    {
      "icon_id": "568631",
      "name": "话筒",
      "font_class": "huatong",
      "unicode": "e6b0",
      "unicode_decimal": 59056
    },
    {
      "icon_id": "924255",
      "name": "电瓶车",
      "font_class": "dianpingche",
      "unicode": "e707",
      "unicode_decimal": 59143
    },
    {
      "icon_id": "1550866",
      "name": "省略号",
      "font_class": "ellipsis",
      "unicode": "e655",
      "unicode_decimal": 58965
    },
    {
      "icon_id": "4230048",
      "name": "女人",
      "font_class": "nvren",
      "unicode": "e618",
      "unicode_decimal": 58904
    },
    {
      "icon_id": "5163344",
      "name": "刀叉",
      "font_class": "daocha",
      "unicode": "e60a",
      "unicode_decimal": 58890
    },
    {
      "icon_id": "5205042",
      "name": "猫",
      "font_class": "mao",
      "unicode": "e611",
      "unicode_decimal": 58897
    },
    {
      "icon_id": "5609344",
      "name": "鸡尾酒杯 高脚杯",
      "font_class": "jiweijiubeigaojiaobei",
      "unicode": "e61a",
      "unicode_decimal": 58906
    },
    {
      "icon_id": "9097146",
      "name": "薯条",
      "font_class": "ziyuan",
      "unicode": "e64a",
      "unicode_decimal": 58954
    },
    {
      "icon_id": "10567900",
      "name": "猫眼电影",
      "font_class": "maoyandianying",
      "unicode": "e600",
      "unicode_decimal": 58880
    },
    {
      "icon_id": "10911914",
      "name": "酒店",
      "font_class": "jiudian",
      "unicode": "e6a4",
      "unicode_decimal": 59044
    },
    {
      "icon_id": "12353230",
      "name": "山水林湖草",
      "font_class": "shanshuilinhucao",
      "unicode": "e6a8",
      "unicode_decimal": 59048
    }
  ]
}
